date,sejrik,mencik2,Mates511,ominar
2016-10-17,4,3,0,0
2016-10-18,4,3,0,0
2016-10-19,4,3,0,0
2016-10-20,4,4,0,0
2016-10-21,4,4,0,0
2016-10-22,4,4,0,0
2016-10-23,4,4,0,0
2016-10-24,5,5,0,0
2016-10-25,5,5,0,0
2016-10-26,5,5,0,0
2016-10-27,5,5,0,0
2016-10-28,5,5,0,0
2016-10-29,5,5,0,0
2016-10-30,5,5,0,0
2016-10-31,6,6,0,0
2016-11-01,6,6,0,0
2016-11-02,6,6,0,0
2016-11-03,6,6,0,0
2016-11-04,6,6,0,0
2016-11-05,6,6,0,0
2016-11-06,6,6,0,0
2016-11-07,7,10,0,0
2016-11-08,7,10,0,0
2016-11-09,7,10,0,0
2016-11-10,7,10,0,0
2016-11-11,7,10,0,0
2016-11-12,7,10,0,0
2016-11-13,7,10,0,0
2016-11-14,11,14,0,0
2016-11-15,11,14,0,0
2016-11-16,11,14,0,0
2016-11-17,11,14,0,0
2016-11-18,11,14,0,0
2016-11-19,11,14,0,0
2016-11-20,11,14,0,0
2016-11-21,12,16,0,0
2016-11-22,12,16,0,0
2016-11-23,12,16,0,0
2016-11-24,13,17,0,0
2016-11-25,13,17,0,0
2016-11-26,13,17,0,0
2016-11-27,13,17,0,0
2016-11-28,13,17,0,0
2016-11-29,13,17,0,0
2016-11-30,13,17,0,0
2016-12-01,13,20,0,0
2016-12-02,13,20,0,0
2016-12-03,13,20,0,0
2016-12-04,13,20,0,0
2016-12-05,15,21,0,0
2016-12-06,15,21,0,0
2016-12-07,15,21,0,0
2016-12-08,15,21,0,0
2016-12-09,15,21,0,0
2016-12-10,15,21,0,0
2016-12-11,15,21,0,0
2016-12-12,19,23,0,0
2016-12-13,19,23,0,0
2016-12-14,19,23,0,0
2016-12-15,19,23,0,0
2016-12-16,20,24,0,0
2016-12-17,20,24,0,0
2016-12-18,20,24,0,0
2016-12-19,22,25,0,0
2016-12-20,22,25,0,0
2016-12-21,22,25,0,0
2016-12-22,22,25,0,0
2016-12-23,22,25,0,0
2016-12-24,22,25,0,0
2016-12-25,22,25,0,0
2016-12-26,22,25,0,0
2016-12-27,22,25,0,0
2016-12-28,22,25,0,0
2016-12-29,24,26,0,0
2016-12-30,24,26,0,0
2016-12-31,24,26,0,0
2017-01-01,24,26,0,0
2017-01-02,24,26,0,0
2017-01-03,25,26,0,0
2017-01-04,25,26,0,0
2017-01-05,25,26,0,0
2017-01-06,26,27,0,0
2017-01-07,26,27,0,0
2017-01-08,26,27,0,0
2017-01-09,28,28,0,0
2017-01-10,28,28,0,0
2017-01-11,28,28,0,0
2017-01-12,28,28,0,0
2017-01-13,29,29,0,0
2017-01-14,29,29,0,0
2017-01-15,29,29,0,0
2017-01-16,31,31,0,0
2017-01-17,31,31,0,0
2017-01-18,31,31,0,0
2017-01-19,31,31,0,0
2017-01-20,31,31,0,0
2017-01-21,31,31,0,0
2017-01-22,31,31,0,0
2017-01-23,32,32,0,0
2017-01-24,32,32,0,0
2017-01-25,32,32,0,0
2017-01-26,32,32,0,0
2017-01-27,32,32,0,0
2017-01-28,32,32,0,0
2017-01-29,32,32,0,0
2017-01-30,33,35,0,0
2017-01-31,33,35,0,0
2017-02-01,33,35,0,0
2017-02-02,33,35,0,0
2017-02-03,33,35,0,0
2017-02-04,33,35,0,0
2017-02-05,33,35,0,0
2017-02-06,37,37,0,0
2017-02-07,37,37,0,0
2017-02-08,37,37,0,0
2017-02-09,37,37,0,0
2017-02-10,37,37,0,0
2017-02-11,37,38,0,0
2017-02-12,37,38,0,0
2017-02-13,41,39,0,0
2017-02-14,41,39,0,0
2017-02-15,41,39,0,0
2017-02-16,41,39,0,0
2017-02-17,41,39,0,0
2017-02-18,41,39,0,0
2017-02-19,41,39,0,0
2017-02-20,43,41,0,0
2017-02-21,43,41,0,0
2017-02-22,43,41,0,0
2017-02-23,43,41,0,0
2017-02-24,43,41,0,0
2017-02-25,43,41,0,0
2017-02-26,43,41,0,0
2017-02-27,45,42,0,0
2017-02-28,45,42,0,0
2017-03-01,45,42,0,0
2017-03-02,45,42,0,0
2017-03-03,45,42,0,0
2017-03-04,45,42,0,0
2017-03-05,45,42,0,0
2017-03-06,45,43,0,0
2017-03-07,45,43,0,0
2017-03-08,45,43,0,0
2017-03-09,45,44,0,0
2017-03-10,45,44,0,0
2017-03-11,45,44,0,0
2017-03-12,45,44,0,0
2017-03-13,46,45,0,0
2017-03-14,46,45,0,0
2017-03-15,46,45,0,0
2017-03-16,46,46,0,0
2017-03-17,46,46,0,0
2017-03-18,46,46,0,0
2017-03-19,46,46,0,0
2017-03-20,48,49,0,0
2017-03-21,48,49,0,0
2017-03-22,48,49,0,0
2017-03-23,48,49,0,0
2017-03-24,48,50,0,0
2017-03-25,48,50,0,0
2017-03-26,48,50,0,0
2017-03-27,48,50,0,0
2017-03-28,48,50,0,0
2017-03-29,48,50,0,0
2017-03-30,48,51,0,0
2017-03-31,48,51,0,0
2017-04-01,48,52,0,0
2017-04-02,48,52,0,0
2017-04-03,48,52,0,0
2017-04-04,48,52,0,0
2017-04-05,48,52,0,0
2017-04-06,48,52,0,0
2017-04-07,48,53,0,0
2017-04-08,48,53,0,0
2017-04-09,48,53,0,0
2017-04-10,48,55,0,0
2017-04-11,48,55,0,0
2017-04-12,48,55,0,0
2017-04-13,48,56,0,0
2017-04-14,48,56,0,0
2017-04-15,48,56,0,0
2017-04-16,48,56,0,0
2017-04-17,48,56,0,0
2017-04-18,48,56,0,0
2017-04-19,48,56,0,0
2017-04-20,48,56,0,0
2017-04-21,48,56,0,0
2017-04-22,48,56,0,0
2017-04-23,48,56,0,0
2017-04-24,48,57,0,0
2017-04-25,48,57,0,0
2017-04-26,48,57,0,0
2017-04-27,48,57,0,0
2017-04-28,48,57,0,0
2017-04-29,48,57,0,0
2017-04-30,48,57,0,0
2017-05-01,48,57,0,0
2017-05-02,48,57,0,0
2017-05-03,48,57,0,0
2017-05-04,48,57,0,0
2017-05-05,48,57,0,0
2017-05-06,48,57,0,0
2017-05-07,48,57,0,0
2017-05-08,48,57,0,0
2017-05-09,48,57,0,0
2017-05-10,48,57,0,0
2017-05-11,48,57,0,0
2017-05-12,48,57,0,0
2017-05-13,48,57,0,0
2017-05-14,48,57,0,0
2017-05-15,50,57,0,0
2017-05-16,50,57,0,0
2017-05-17,50,57,0,0
2017-05-18,50,57,0,0
2017-05-19,50,57,0,0
2017-05-20,50,57,0,0
2017-05-21,50,57,0,0
2017-05-22,52,57,0,0
2017-05-23,52,57,0,0
2017-05-24,52,57,0,0
2017-05-25,52,57,0,0
2017-05-26,52,57,0,0
2017-05-27,52,57,0,0
2017-05-28,52,57,0,0
2017-05-29,52,57,0,0
2017-05-30,52,57,0,0
2017-05-31,52,57,0,0
2017-06-01,52,57,0,0
2017-06-02,52,57,0,0
2017-06-03,52,57,0,0
2017-06-04,52,57,0,0
2017-06-05,52,57,0,0
2017-06-06,52,57,0,0
2017-06-07,52,57,0,0
2017-06-08,52,57,0,0
2017-06-09,52,57,0,0
2017-06-10,52,57,0,0
2017-06-11,52,57,0,0
2017-06-12,53,57,0,0
2017-06-13,53,57,0,0
2017-06-14,53,57,0,0
2017-06-15,53,57,0,0
2017-06-16,53,57,0,0
2017-06-17,53,57,0,0
2017-06-18,53,57,0,0
2017-06-19,53,57,0,0
2017-06-20,53,57,0,0
2017-06-21,53,57,0,0
2017-06-22,53,57,0,0
2017-06-23,53,57,0,0
2017-06-24,53,57,0,0
2017-06-25,53,57,0,0
2017-06-26,53,57,0,0
2017-06-27,53,57,0,0
2017-06-28,53,57,0,0
2017-06-29,53,57,0,0
2017-06-30,53,57,0,0
2017-07-01,53,57,0,0
2017-07-02,53,57,0,0
2017-07-03,53,57,0,0
2017-07-04,53,57,0,0
2017-07-05,53,57,0,0
2017-07-06,54,57,0,0
2017-07-07,54,57,0,0
2017-07-08,54,58,0,0
2017-07-09,54,58,0,0
2017-07-10,54,58,0,0
2017-07-11,54,58,0,0
2017-07-12,54,58,0,0
2017-07-13,54,58,0,0
2017-07-14,54,58,0,0
2017-07-15,54,58,0,0
2017-07-16,54,58,0,0
2017-07-17,54,58,0,0
2017-07-18,54,58,0,0
2017-07-19,54,58,0,0
2017-07-20,54,58,0,0
2017-07-21,54,58,0,0
2017-07-22,54,58,0,0
2017-07-23,54,58,0,0
2017-07-24,54,58,0,0
2017-07-25,54,58,0,0
2017-07-26,54,59,0,0
2017-07-27,54,59,0,0
2017-07-28,54,59,0,0
2017-07-29,54,59,0,0
2017-07-30,54,59,0,0
2017-07-31,54,59,0,0
2017-08-01,54,59,0,0
2017-08-02,54,59,0,0
2017-08-03,54,59,0,0
2017-08-04,54,59,0,0
2017-08-05,54,59,0,0
2017-08-06,54,59,0,0
2017-08-07,54,59,0,0
2017-08-08,54,59,0,0
2017-08-09,54,59,0,0
2017-08-10,54,59,0,0
2017-08-11,54,59,0,0
2017-08-12,54,59,0,0
2017-08-13,54,59,0,0
2017-08-14,54,59,0,0
2017-08-15,54,60,0,0
2017-08-16,54,61,0,0
2017-08-17,54,64,0,0
2017-08-18,54,64,0,0
2017-08-19,57,64,0,0
2017-08-20,57,64,0,0
2017-08-21,57,64,0,0
2017-08-22,57,64,0,0
2017-08-23,57,64,0,0
2017-08-24,57,64,0,0
2017-08-25,57,64,0,0
2017-08-26,57,64,0,0
2017-08-27,57,64,0,0
2017-08-28,57,64,0,0
2017-08-29,57,64,0,0
2017-08-30,57,64,0,0
2017-08-31,57,64,0,0
2017-09-01,57,64,0,0
2017-09-02,57,64,0,0
2017-09-03,57,64,0,0
2017-09-04,57,64,0,0
2017-09-05,57,64,0,0
2017-09-06,57,64,0,0
2017-09-07,57,64,0,0
2017-09-08,57,64,0,0
2017-09-09,58,64,0,0
2017-09-10,58,64,0,0
2017-09-11,58,64,0,0
2017-09-12,58,64,0,0
2017-09-13,58,64,0,0
2017-09-14,58,64,0,0
2017-09-15,58,64,0,0
2017-09-16,58,64,0,0
2017-09-17,58,64,0,0
2017-09-18,58,64,0,0
2017-09-19,58,64,0,0
2017-09-20,58,64,0,0
2017-09-21,58,64,0,0
2017-09-22,60,64,0,0
2017-09-23,60,64,0,0
2017-09-24,60,64,0,0
2017-09-25,60,64,0,0
2017-09-26,60,64,0,0
2017-09-27,60,64,0,0
2017-09-28,60,64,0,0
2017-09-29,60,64,0,0
2017-09-30,60,64,0,0
2017-10-01,60,64,0,0
2017-10-02,60,64,0,0
2017-10-03,60,64,0,0
2017-10-04,60,64,0,0
2017-10-05,60,64,0,0
2017-10-06,60,64,0,0
2017-10-07,60,64,0,0
2017-10-08,60,64,0,0
2017-10-09,60,64,0,0
2017-10-10,60,64,0,0
2017-10-11,60,64,0,0
2017-10-12,60,64,0,0
2017-10-13,60,64,0,0
2017-10-14,60,64,0,0
2017-10-15,60,64,0,0
2017-10-16,60,64,0,0
2017-10-17,60,64,0,0
2017-10-18,60,64,0,0
2017-10-19,60,64,0,0
2017-10-20,60,64,0,0
2017-10-21,60,64,0,0
2017-10-22,60,64,0,0
2017-10-23,60,64,0,0
2017-10-24,60,64,0,0
2017-10-25,60,64,0,0
2017-10-26,60,64,0,0
2017-10-27,60,64,0,0
2017-10-28,60,64,0,0
2017-10-29,60,64,0,0
2017-10-30,60,64,0,0
2017-10-31,60,64,0,0
2017-11-01,60,64,0,0
2017-11-02,60,64,0,0
2017-11-03,60,64,0,0
2017-11-04,60,64,0,0
2017-11-05,60,64,0,0
2017-11-06,60,64,0,0
2017-11-07,60,64,0,0
2017-11-08,60,64,0,0
2017-11-09,60,64,0,0
2017-11-10,60,64,0,0
2017-11-11,60,64,0,0
2017-11-12,60,64,0,0
2017-11-13,60,64,0,0
2017-11-14,60,64,0,0
2017-11-15,60,64,0,0
2017-11-16,60,64,0,0
2017-11-17,60,64,0,0
2017-11-18,60,64,0,0
2017-11-19,60,64,0,0
2017-11-20,60,64,0,0
2017-11-21,60,64,0,0
2017-11-22,60,64,0,0
2017-11-23,60,64,0,0
2017-11-24,60,64,0,0
2017-11-25,60,64,0,0
2017-11-26,60,64,0,0
2017-11-27,60,64,0,0
2017-11-28,60,64,0,0
2017-11-29,60,64,0,0
2017-11-30,60,64,0,0
2017-12-01,60,64,0,0
2017-12-02,60,64,0,0
2017-12-03,60,64,0,0
2017-12-04,60,64,0,0
2017-12-05,61,64,0,0
2017-12-06,61,64,0,0
2017-12-07,61,65,0,0
2017-12-08,61,65,0,0
2017-12-09,61,65,0,0
2017-12-10,61,65,0,0
2017-12-11,61,65,0,0
2017-12-12,61,65,0,0
2017-12-13,61,65,0,0
2017-12-14,61,65,0,0
2017-12-15,61,65,0,0
2017-12-16,61,65,0,0
2017-12-17,61,65,0,0
2017-12-18,61,65,0,0
2017-12-19,61,65,0,0
2017-12-20,61,65,0,0
2017-12-21,61,65,0,0
2017-12-22,61,65,0,0
2017-12-23,61,65,0,0
2017-12-24,61,65,0,0
2017-12-25,61,65,0,0
2017-12-26,61,65,0,0
2017-12-27,61,65,0,0
2017-12-28,61,65,0,0
2017-12-29,61,65,0,0
2017-12-30,61,65,0,0
2017-12-31,61,65,0,0
2018-01-01,61,65,0,0
2018-01-02,61,65,0,0
2018-01-03,61,65,0,0
2018-01-04,61,65,0,0
2018-01-05,61,65,0,0
2018-01-06,61,65,0,0
2018-01-07,61,65,0,0
2018-01-08,61,65,0,0
2018-01-09,61,65,0,0
2018-01-10,61,65,0,0
2018-01-11,61,65,0,0
2018-01-12,61,65,0,0
2018-01-13,61,65,0,0
2018-01-14,61,65,0,0
2018-01-15,61,65,0,0
2018-01-16,61,65,0,0
2018-01-17,61,65,0,0
2018-01-18,61,65,0,0
2018-01-19,61,65,0,0
2018-01-20,61,65,0,0
2018-01-21,61,65,0,0
2018-01-22,61,65,0,0
2018-01-23,61,65,0,0
2018-01-24,61,65,0,0
2018-01-25,61,65,0,0
2018-01-26,61,65,0,0
2018-01-27,61,65,0,0
2018-01-28,61,65,0,0
2018-01-29,61,65,0,0
2018-01-30,61,65,0,0
2018-01-31,61,65,0,0
2018-02-01,61,65,0,0
2018-02-02,61,65,0,0
2018-02-03,61,65,0,0
2018-02-04,61,65,0,0
2018-02-05,61,65,0,0
2018-02-06,61,65,0,0
2018-02-07,61,65,0,0
2018-02-08,61,65,0,0
2018-02-09,61,65,0,0
2018-02-10,61,65,0,0
2018-02-11,61,65,0,0
2018-02-12,61,65,0,0
2018-02-13,61,65,0,0
2018-02-14,61,65,0,0
2018-02-15,61,65,0,0
2018-02-16,61,65,0,0
2018-02-17,61,65,0,0
2018-02-18,61,65,0,0
2018-02-19,61,65,0,0
2018-02-20,61,65,0,0
2018-02-21,61,65,0,0
2018-02-22,61,65,0,0
2018-02-23,61,65,0,0
2018-02-24,61,65,0,0
2018-02-25,61,65,0,0
2018-02-26,61,65,0,0
2018-02-27,61,65,0,0
2018-02-28,61,65,0,0
2018-03-01,61,65,0,0
2018-03-02,61,65,0,0
2018-03-03,61,65,0,0
2018-03-04,61,65,0,0
2018-03-05,61,65,0,0
2018-03-06,61,65,0,0
2018-03-07,61,65,0,0
2018-03-08,61,65,0,0
2018-03-09,61,65,0,0
2018-03-10,61,65,0,0
2018-03-11,61,65,0,0
2018-03-12,61,65,0,0
2018-03-13,61,65,0,0
2018-03-14,61,65,0,0
2018-03-15,61,65,0,0
2018-03-16,61,65,0,0
2018-03-17,61,65,0,0
2018-03-18,61,65,0,0
2018-03-19,61,65,0,0
2018-03-20,61,65,0,0
2018-03-21,61,65,0,0
2018-03-22,61,65,0,0
2018-03-23,61,65,0,0
2018-03-24,61,65,0,0
2018-03-25,61,65,0,0
2018-03-26,61,65,0,0
2018-03-27,61,65,0,0
2018-03-28,61,65,0,0
2018-03-29,61,65,0,0
2018-03-30,61,65,0,0
2018-03-31,61,65,0,0
2018-04-01,61,65,0,0
2018-04-02,61,65,0,0
2018-04-03,61,65,0,0
2018-04-04,61,65,0,0
2018-04-05,61,65,0,0
2018-04-06,61,65,0,0
2018-04-07,61,65,0,0
2018-04-08,61,65,0,0
2018-04-09,61,65,0,0
2018-04-10,61,65,0,0
2018-04-11,61,65,0,0
2018-04-12,61,65,0,0
2018-04-13,61,65,0,0
2018-04-14,61,65,0,0
2018-04-15,61,65,0,0
2018-04-16,61,65,0,0
2018-04-17,61,65,0,0
2018-04-18,61,65,0,0
2018-04-19,61,65,0,0
2018-04-20,61,65,0,0
2018-04-21,61,65,0,0
2018-04-22,61,65,0,0
2018-04-23,61,65,0,0
2018-04-24,61,65,0,0
2018-04-25,61,65,0,0
2018-04-26,61,65,0,0
2018-04-27,61,65,0,0
2018-04-28,61,65,0,0
2018-04-29,61,65,0,0
2018-04-30,61,65,0,0
2018-05-01,61,65,0,0
2018-05-02,61,65,0,0
2018-05-03,61,65,0,0
2018-05-04,61,65,0,0
2018-05-05,61,65,0,0
2018-05-06,61,65,0,0
2018-05-07,61,65,0,0
2018-05-08,63,67,0,0
2018-05-09,63,67,0,0
2018-05-10,63,67,0,0
2018-05-11,63,67,0,0
2018-05-12,63,67,0,0
2018-05-13,63,67,0,0
2018-05-14,63,67,0,0
2018-05-15,63,67,0,0
2018-05-16,63,67,0,0
2018-05-17,63,67,0,0
2018-05-18,63,67,0,0
2018-05-19,63,67,0,0
2018-05-20,63,67,0,0
2018-05-21,63,67,0,0
2018-05-22,63,67,0,0
2018-05-23,63,67,0,0
2018-05-24,63,67,0,0
2018-05-25,63,67,0,0
2018-05-26,63,67,0,0
2018-05-27,63,67,0,0
2018-05-28,63,67,0,0
2018-05-29,63,67,0,0
2018-05-30,63,67,0,0
2018-05-31,63,67,0,0
2018-06-01,63,67,0,0
2018-06-02,63,67,0,0
2018-06-03,63,67,0,0
2018-06-04,63,67,0,0
2018-06-05,63,67,0,0
2018-06-06,63,67,0,0
2018-06-07,63,67,0,0
2018-06-08,63,67,0,0
2018-06-09,63,67,0,0
2018-06-10,63,67,0,0
2018-06-11,63,67,0,0
2018-06-12,63,67,0,0
2018-06-13,63,67,0,0
2018-06-14,63,67,0,0
2018-06-15,63,67,0,0
2018-06-16,63,67,0,0
2018-06-17,63,67,0,0
2018-06-18,63,67,0,0
2018-06-19,63,67,0,0
2018-06-20,63,67,0,0
2018-06-21,63,67,0,0
2018-06-22,63,67,0,0
2018-06-23,63,67,0,0
2018-06-24,63,67,0,0
2018-06-25,63,68,0,0
2018-06-26,63,70,0,0
2018-06-27,63,70,0,0
2018-06-28,63,70,0,0
2018-06-29,63,70,0,0
2018-06-30,63,70,0,0
2018-07-01,63,70,0,0
2018-07-02,63,70,0,0
2018-07-03,63,70,0,0
2018-07-04,63,70,0,0
2018-07-05,63,70,0,0
2018-07-06,63,70,0,0
2018-07-07,63,70,0,0
2018-07-08,63,70,0,0
2018-07-09,63,70,0,0
2018-07-10,63,70,0,0
2018-07-11,63,70,0,0
2018-07-12,63,70,0,0
2018-07-13,63,70,0,0
2018-07-14,63,70,0,0
2018-07-15,63,70,0,0
2018-07-16,63,70,0,0
2018-07-17,63,70,0,0
2018-07-18,63,70,0,0
2018-07-19,63,70,0,0
2018-07-20,63,70,0,0
2018-07-21,63,70,0,0
2018-07-22,63,70,0,0
2018-07-23,63,70,0,0
2018-07-24,63,70,0,0
2018-07-25,63,70,0,0
2018-07-26,63,70,0,0
2018-07-27,63,70,0,0
2018-07-28,63,70,0,0
2018-07-29,63,70,0,0
2018-07-30,63,70,0,0
2018-07-31,63,70,0,0
2018-08-01,63,70,0,0
2018-08-02,63,70,0,0
2018-08-03,63,70,0,0
2018-08-04,63,70,0,0
2018-08-05,63,70,0,0
2018-08-06,63,70,0,0
2018-08-07,63,70,0,0
2018-08-08,63,70,0,0
2018-08-09,63,70,0,0
2018-08-10,63,70,0,0
2018-08-11,63,70,0,0
2018-08-12,63,70,0,0
2018-08-13,63,70,0,0
2018-08-14,63,70,0,0
2018-08-15,63,70,0,0
2018-08-16,63,70,0,0
2018-08-17,63,70,0,0
2018-08-18,64,70,0,0
2018-08-19,64,70,0,0
2018-08-20,64,70,0,0
2018-08-21,64,70,0,0
2018-08-22,64,70,0,0
2018-08-23,64,70,0,0
2018-08-24,64,70,0,0
2018-08-25,64,70,0,0
2018-08-26,64,71,0,0
2018-08-27,64,71,0,0
2018-08-28,64,71,0,0
2018-08-29,64,71,0,0
2018-08-30,64,71,0,0
2018-08-31,64,71,0,0
2018-09-01,64,71,0,0
2018-09-02,64,71,0,0
2018-09-03,64,71,0,0
2018-09-04,64,71,0,0
2018-09-05,64,71,0,0
2018-09-06,64,71,0,0
2018-09-07,64,71,0,0
2018-09-08,64,71,0,0
2018-09-09,64,71,0,0
2018-09-10,64,72,0,0
2018-09-11,64,72,0,0
2018-09-12,64,72,0,0
2018-09-13,64,73,0,0
2018-09-14,64,74,0,0
2018-09-15,64,74,0,0
2018-09-16,64,74,0,0
2018-09-17,64,74,0,0
2018-09-18,64,74,0,0
2018-09-19,64,74,0,0
2018-09-20,64,74,0,0
2018-09-21,64,74,0,0
2018-09-22,64,74,0,0
2018-09-23,64,74,0,0
2018-09-24,65,74,0,0
2018-09-25,65,74,0,0
2018-09-26,65,74,0,0
2018-09-27,65,74,0,0
2018-09-28,65,74,0,0
2018-09-29,65,74,0,0
2018-09-30,65,74,0,0
2018-10-01,65,74,0,0
2018-10-02,65,74,0,0
2018-10-03,65,74,0,0
2018-10-04,65,74,0,0
2018-10-05,65,74,0,0
2018-10-06,65,74,0,0
2018-10-07,65,74,0,0
2018-10-08,65,74,0,0
2018-10-09,65,74,0,0
2018-10-10,65,74,0,0
2018-10-11,65,74,0,0
2018-10-12,65,74,0,0
2018-10-13,66,74,0,0
2018-10-14,66,74,0,0
2018-10-15,66,74,0,0
2018-10-16,66,74,0,0
2018-10-17,66,75,0,0
2018-10-18,66,75,0,0
2018-10-19,66,75,0,0
2018-10-20,66,75,0,0
2018-10-21,66,75,0,0
2018-10-22,66,75,0,0
2018-10-23,66,75,0,0
2018-10-24,66,75,0,0
2018-10-25,66,75,0,0
2018-10-26,66,75,0,0
2018-10-27,66,75,0,0
2018-10-28,66,75,0,0
2018-10-29,66,75,0,0
2018-10-30,66,75,0,0
2018-10-31,66,75,0,0
2018-11-01,66,75,0,0
2018-11-02,66,75,0,0
2018-11-03,66,75,0,0
2018-11-04,66,75,0,0
2018-11-05,66,75,0,0
2018-11-06,66,75,0,0
2018-11-07,66,75,0,0
2018-11-08,66,75,0,0
2018-11-09,66,75,0,0
2018-11-10,66,75,0,0
2018-11-11,66,75,0,0
2018-11-12,66,75,0,0
2018-11-13,66,75,0,0
2018-11-14,66,75,0,0
2018-11-15,66,75,0,0
2018-11-16,66,75,0,0
2018-11-17,66,75,0,0
2018-11-18,66,76,0,0
2018-11-19,66,76,0,0
2018-11-20,66,76,0,0
2018-11-21,66,76,0,0
2018-11-22,66,76,0,0
2018-11-23,67,76,0,0
2018-11-24,67,76,0,0
2018-11-25,67,76,0,0
2018-11-26,67,76,0,0
2018-11-27,67,76,0,0
2018-11-28,67,76,0,0
2018-11-29,67,76,0,0
2018-11-30,67,76,0,0
2018-12-01,67,76,0,0
2018-12-02,67,76,0,0
2018-12-03,67,76,0,0
2018-12-04,67,76,0,0
2018-12-05,67,76,0,0
2018-12-06,67,76,0,0
2018-12-07,67,76,0,0
2018-12-08,67,76,0,0
2018-12-09,67,76,0,0
2018-12-10,67,76,0,0
2018-12-11,67,76,0,0
2018-12-12,67,76,0,0
2018-12-13,67,76,0,0
2018-12-14,67,76,0,0
2018-12-15,67,76,0,0
2018-12-16,67,76,0,0
2018-12-17,67,76,0,0
2018-12-18,67,76,0,0
2018-12-19,67,76,0,0
2018-12-20,67,76,0,0
2018-12-21,67,76,0,0
2018-12-22,67,76,0,0
2018-12-23,67,76,0,0
2018-12-24,67,76,0,0
2018-12-25,67,76,0,0
2018-12-26,67,76,0,0
2018-12-27,67,76,0,0
2018-12-28,67,76,0,0
2018-12-29,67,76,0,0
2018-12-30,67,76,0,0
2018-12-31,67,76,0,0
2019-01-01,67,76,0,0
2019-01-02,67,76,0,0
2019-01-03,67,76,0,0
2019-01-04,67,76,0,0
2019-01-05,67,76,0,0
2019-01-06,67,76,0,0
2019-01-07,67,76,0,0
2019-01-08,67,76,0,0
2019-01-09,67,76,0,0
2019-01-10,67,76,0,0
2019-01-11,67,76,0,0
2019-01-12,67,76,0,0
2019-01-13,67,76,0,0
2019-01-14,67,76,0,0
2019-01-15,67,76,0,0
2019-01-16,67,76,0,0
2019-01-17,67,76,0,0
2019-01-18,67,76,0,0
2019-01-19,67,76,0,0
2019-01-20,67,76,0,0
2019-01-21,67,76,0,0
2019-01-22,67,76,0,0
2019-01-23,67,76,0,0
2019-01-24,67,76,0,0
2019-01-25,67,76,0,0
2019-01-26,67,76,0,0
2019-01-27,67,76,0,0
2019-01-28,67,76,0,0
2019-01-29,67,76,0,0
2019-01-30,67,76,0,0
2019-01-31,67,76,0,0
2019-02-01,67,76,0,0
2019-02-02,67,76,0,0
2019-02-03,67,76,0,0
2019-02-04,67,76,0,0
2019-02-05,67,76,0,0
2019-02-06,67,76,0,0
2019-02-07,67,76,0,0
2019-02-08,67,76,0,0
2019-02-09,67,76,0,0
2019-02-10,67,76,0,0
2019-02-11,67,76,0,0
2019-02-12,67,76,0,0
2019-02-13,67,76,0,0
2019-02-14,67,76,0,0
2019-02-15,67,76,0,0
2019-02-16,67,76,0,0
2019-02-17,67,76,0,0
2019-02-18,67,76,0,0
2019-02-19,67,76,0,0
2019-02-20,67,76,0,0
2019-02-21,67,76,0,0
2019-02-22,67,76,0,0
2019-02-23,67,76,0,0
2019-02-24,67,76,0,0
2019-02-25,67,76,0,0
2019-02-26,67,76,0,0
2019-02-27,67,76,0,0
2019-02-28,67,76,0,0
2019-03-01,67,76,0,0
2019-03-02,67,76,0,0
2019-03-03,67,78,0,0
2019-03-04,67,78,0,0
2019-03-05,67,78,0,0
2019-03-06,67,78,0,0
2019-03-07,67,78,0,0
2019-03-08,67,78,0,0
2019-03-09,68,78,0,0
2019-03-10,68,78,0,0
2019-03-11,68,78,0,0
2019-03-12,68,78,0,0
2019-03-13,68,78,0,0
2019-03-14,68,78,0,0
2019-03-15,68,78,0,0
2019-03-16,68,78,0,0
2019-03-17,68,78,0,0
2019-03-18,68,78,0,0
2019-03-19,68,78,0,0
2019-03-20,68,78,0,0
2019-03-21,68,78,0,0
2019-03-22,68,78,0,0
2019-03-23,68,78,0,0
2019-03-24,68,78,0,0
2019-03-25,68,78,0,0
2019-03-26,68,78,0,0
2019-03-27,68,78,0,0
2019-03-28,68,78,0,0
2019-03-29,68,78,0,0
2019-03-30,68,78,0,0
2019-03-31,68,78,0,0
2019-04-01,68,78,0,0
2019-04-02,68,78,0,0
2019-04-03,68,78,0,0
2019-04-04,68,78,0,0
2019-04-05,68,78,0,0
2019-04-06,68,78,0,0
2019-04-07,68,78,0,0
2019-04-08,68,78,0,0
2019-04-09,68,78,0,0
2019-04-10,68,78,0,0
2019-04-11,68,78,0,0
2019-04-12,68,78,0,0
2019-04-13,68,78,0,0
2019-04-14,68,78,0,0
2019-04-15,68,78,0,0
2019-04-16,68,78,0,0
2019-04-17,68,78,0,0
2019-04-18,68,78,0,0
2019-04-19,68,78,0,0
2019-04-20,68,78,0,0
2019-04-21,68,78,0,0
2019-04-22,68,78,0,0
2019-04-23,68,78,0,0
2019-04-24,68,78,0,0
2019-04-25,68,78,0,0
2019-04-26,68,78,0,0
2019-04-27,68,78,0,0
2019-04-28,68,78,0,0
2019-04-29,68,78,0,0
2019-04-30,68,78,0,0
2019-05-01,68,78,0,0
2019-05-02,68,78,0,0
2019-05-03,68,78,0,0
2019-05-04,68,78,0,0
2019-05-05,68,78,0,0
2019-05-06,68,78,0,0
2019-05-07,68,78,0,0
2019-05-08,68,78,0,0
2019-05-09,68,78,0,0
2019-05-10,68,78,0,0
2019-05-11,68,78,0,0
2019-05-12,68,78,0,0
2019-05-13,68,78,0,0
2019-05-14,68,78,0,0
2019-05-15,68,78,0,0
2019-05-16,68,78,0,0
2019-05-17,68,78,0,0
2019-05-18,68,78,0,0
2019-05-19,68,79,0,0
2019-05-20,68,79,0,0
2019-05-21,68,79,0,0
2019-05-22,68,79,0,0
2019-05-23,68,79,0,0
2019-05-24,68,79,0,0
2019-05-25,68,79,0,0
2019-05-26,68,79,0,0
2019-05-27,68,79,0,0
2019-05-28,68,79,0,0
2019-05-29,68,79,0,0
2019-05-30,69,79,0,0
2019-05-31,69,80,0,0
2019-06-01,69,80,0,0
2019-06-02,69,80,0,0
2019-06-03,69,80,0,0
2019-06-04,69,80,0,0
2019-06-05,71,80,0,0
2019-06-06,71,80,0,0
2019-06-07,71,80,0,0
2019-06-08,71,80,0,0
2019-06-09,71,80,0,0
2019-06-10,71,80,0,0
2019-06-11,71,80,0,0
2019-06-12,71,80,0,0
2019-06-13,71,80,0,0
2019-06-14,71,80,0,0
2019-06-15,71,80,0,0
2019-06-16,71,80,0,0
2019-06-17,71,80,0,0
2019-06-18,71,80,0,0
2019-06-19,72,80,0,0
2019-06-20,72,80,0,0
2019-06-21,72,80,0,0
2019-06-22,72,80,0,0
2019-06-23,72,80,0,0
2019-06-24,72,80,0,0
2019-06-25,72,80,0,0
2019-06-26,72,80,0,0
2019-06-27,72,80,0,0
2019-06-28,72,80,0,0
2019-06-29,73,80,0,0
2019-06-30,73,80,0,0
2019-07-01,73,80,0,0
2019-07-02,73,80,0,0
2019-07-03,73,80,0,0
2019-07-04,73,80,0,0
2019-07-05,74,80,0,0
2019-07-06,74,80,0,0
2019-07-07,74,80,0,0
2019-07-08,75,80,0,0
2019-07-09,75,80,0,0
2019-07-10,75,80,0,0
2019-07-11,76,80,0,0
2019-07-12,76,80,0,0
2019-07-13,76,80,0,0
2019-07-14,76,80,0,0
2019-07-15,76,80,0,0
2019-07-16,76,80,0,0
2019-07-17,76,80,0,0
2019-07-18,76,80,0,0
2019-07-19,76,80,0,0
2019-07-20,76,80,0,0
2019-07-21,76,80,0,0
2019-07-22,76,80,0,0
2019-07-23,76,80,0,0
2019-07-24,76,80,0,0
2019-07-25,76,80,0,0
2019-07-26,76,81,0,0
2019-07-27,76,81,0,0
2019-07-28,76,81,0,0
2019-07-29,77,81,0,0
2019-07-30,77,81,0,0
2019-07-31,77,81,0,0
2019-08-01,77,81,0,0
2019-08-02,77,81,0,0
2019-08-03,77,81,0,0
2019-08-04,77,81,0,0
2019-08-05,77,81,0,0
2019-08-06,77,81,0,0
2019-08-07,77,81,0,0
2019-08-08,77,81,0,0
2019-08-09,77,81,0,0
2019-08-10,77,81,0,0
2019-08-11,77,81,0,0
2019-08-12,77,81,0,0
2019-08-13,77,81,0,0
2019-08-14,77,81,0,0
2019-08-15,77,81,0,0
2019-08-16,77,81,0,0
2019-08-17,77,81,0,0
2019-08-18,77,81,0,0
2019-08-19,77,81,0,0
2019-08-20,77,81,0,0
2019-08-21,77,81,0,0
2019-08-22,77,81,0,0
2019-08-23,77,81,0,0
2019-08-24,77,81,0,0
2019-08-25,77,81,0,0
2019-08-26,78,81,0,0
2019-08-27,78,81,0,0
2019-08-28,78,81,0,0
2019-08-29,78,81,0,0
2019-08-30,78,81,0,0
2019-08-31,78,81,0,0
2019-09-01,78,81,0,0
2019-09-02,78,81,0,0
2019-09-03,78,81,0,0
2019-09-04,78,81,0,0
2019-09-05,78,81,0,0
2019-09-06,78,81,0,0
2019-09-07,78,81,0,0
2019-09-08,78,81,0,0
2019-09-09,78,81,0,0
2019-09-10,78,81,0,0
2019-09-11,78,82,0,0
2019-09-12,78,82,0,0
2019-09-13,78,82,0,0
2019-09-14,78,82,0,0
2019-09-15,78,82,0,0
2019-09-16,78,82,0,0
2019-09-17,78,82,0,0
2019-09-18,78,82,0,0
2019-09-19,78,82,0,0
2019-09-20,78,82,0,0
2019-09-21,78,82,0,0
2019-09-22,78,82,0,0
2019-09-23,78,82,0,0
2019-09-24,78,82,0,0
2019-09-25,78,82,0,0
2019-09-26,78,82,0,0
2019-09-27,78,82,0,0
2019-09-28,78,82,0,0
2019-09-29,78,82,0,0
2019-09-30,78,82,0,0
2019-10-01,78,82,0,0
2019-10-02,78,82,0,0
2019-10-03,78,82,0,0
2019-10-04,78,82,0,0
2019-10-05,78,82,0,0
2019-10-06,78,82,0,0
2019-10-07,78,82,0,0
2019-10-08,78,82,0,0
2019-10-09,78,82,0,0
2019-10-10,78,82,0,0
2019-10-11,78,82,0,0
2019-10-12,78,82,0,0
2019-10-13,78,82,0,0
2019-10-14,78,82,0,0
2019-10-15,78,82,0,0
2019-10-16,78,82,0,0
2019-10-17,78,82,0,0
2019-10-18,78,82,0,0
2019-10-19,78,82,0,0
2019-10-20,78,82,0,0
2019-10-21,78,82,0,0
2019-10-22,78,82,0,0
2019-10-23,78,82,0,0
2019-10-24,78,82,0,0
2019-10-25,78,82,0,0
2019-10-26,78,82,0,0
2019-10-27,78,82,0,0
2019-10-28,78,82,0,0
2019-10-29,78,82,0,0
2019-10-30,78,82,0,0
2019-10-31,78,82,0,0
2019-11-01,78,82,0,0
2019-11-02,78,82,0,0
2019-11-03,78,82,0,0
2019-11-04,78,82,0,0
2019-11-05,78,82,0,0
2019-11-06,78,82,0,0
2019-11-07,78,82,0,0
2019-11-08,78,86,0,0
2019-11-09,78,86,0,0
2019-11-10,79,86,0,0
2019-11-11,79,86,0,0
2019-11-12,79,86,0,0
2019-11-13,79,86,0,0
2019-11-14,79,86,0,0
2019-11-15,79,86,0,0
2019-11-16,79,86,0,0
2019-11-17,79,86,0,0
2019-11-18,79,86,0,0
2019-11-19,79,87,0,0
2019-11-20,79,87,0,0
2019-11-21,79,87,0,0
2019-11-22,79,87,0,0
2019-11-23,79,87,0,0
2019-11-24,79,87,0,0
2019-11-25,79,87,0,0
2019-11-26,79,87,0,0
2019-11-27,79,88,0,0
2019-11-28,79,88,0,0
2019-11-29,79,88,0,0
2019-11-30,79,88,0,0
2019-12-01,79,88,0,0
2019-12-02,79,88,0,0
2019-12-03,79,88,0,0
2019-12-04,79,88,0,0
2019-12-05,79,88,0,0
2019-12-06,79,91,0,0
2019-12-07,79,91,0,0
2019-12-08,79,91,0,0
2019-12-09,79,91,0,0
2019-12-10,79,92,0,0
2019-12-11,79,92,0,0
2019-12-12,79,92,0,0
2019-12-13,79,92,0,0
2019-12-14,79,92,0,0
2019-12-15,79,92,0,0
2019-12-16,79,92,0,0
2019-12-17,79,92,0,0
2019-12-18,79,92,0,0
2019-12-19,79,92,0,0
2019-12-20,79,92,0,0
2019-12-21,79,92,0,0
2019-12-22,79,92,0,0
2019-12-23,79,92,0,0
2019-12-24,79,92,0,0
2019-12-25,79,92,0,0
2019-12-26,79,92,0,0
2019-12-27,79,92,0,0
2019-12-28,79,92,0,0
2019-12-29,79,92,0,0
2019-12-30,79,92,0,0
2019-12-31,79,92,0,0
2020-01-01,79,92,0,0
2020-01-02,79,92,0,0
2020-01-03,79,92,0,0
2020-01-04,79,92,0,0
2020-01-05,79,92,0,0
2020-01-06,79,92,0,0
2020-01-07,81,92,0,0
2020-01-08,81,92,0,0
2020-01-09,81,92,0,0
2020-01-10,82,92,0,0
2020-01-11,82,92,0,0
2020-01-12,82,92,0,0
2020-01-13,82,92,0,0
2020-01-14,82,92,0,0
2020-01-15,82,92,0,0
2020-01-16,82,92,0,0
2020-01-17,82,92,0,0
2020-01-18,82,92,0,0
2020-01-19,82,92,0,0
2020-01-20,82,92,0,0
2020-01-21,82,92,0,0
2020-01-22,82,92,0,0
2020-01-23,82,92,0,0
2020-01-24,82,92,0,0
2020-01-25,82,92,0,0
2020-01-26,82,92,0,0
2020-01-27,82,92,0,0
2020-01-28,82,92,0,0
2020-01-29,82,92,0,0
2020-01-30,82,92,0,0
2020-01-31,82,92,0,0
2020-02-01,82,92,0,0
2020-02-02,82,92,0,0
2020-02-03,82,92,0,0
2020-02-04,82,92,0,0
2020-02-05,82,92,0,0
2020-02-06,82,92,0,0
2020-02-07,82,92,0,0
2020-02-08,82,92,0,0
2020-02-09,82,92,0,0
2020-02-10,82,92,0,0
2020-02-11,82,92,0,0
2020-02-12,82,92,0,0
2020-02-13,82,92,0,0
2020-02-14,82,92,0,0
2020-02-15,82,92,0,0
2020-02-16,82,92,0,0
2020-02-17,82,92,0,0
2020-02-18,82,92,0,0
2020-02-19,82,92,0,0
2020-02-20,82,92,0,0
2020-02-21,82,92,0,0
2020-02-22,82,92,0,0
2020-02-23,82,92,0,0
2020-02-24,82,92,0,0
2020-02-25,82,92,0,0
2020-02-26,82,92,0,0
2020-02-27,82,92,0,0
2020-02-28,82,92,0,0
2020-02-29,82,92,0,0
2020-03-01,82,92,0,0
2020-03-02,82,92,0,0
2020-03-03,82,92,0,0
2020-03-04,82,92,0,0
2020-03-05,82,92,0,0
2020-03-06,82,92,0,0
2020-03-07,82,92,0,0
2020-03-08,82,92,0,0
2020-03-09,82,92,0,0
2020-03-10,82,92,0,0
2020-03-11,82,92,0,0
2020-03-12,82,92,0,0
2020-03-13,82,92,0,0
2020-03-14,82,92,0,0
2020-03-15,82,92,0,0
2020-03-16,82,92,0,0
2020-03-17,82,92,0,0
2020-03-18,82,92,0,0
2020-03-19,82,92,0,0
2020-03-20,82,92,0,0
2020-03-21,82,92,0,0
2020-03-22,82,93,0,0
2020-03-23,82,93,0,0
2020-03-24,82,93,0,0
2020-03-25,82,93,0,0
2020-03-26,82,93,0,0
2020-03-27,82,93,0,0
2020-03-28,82,93,0,0
2020-03-29,82,94,0,0
2020-03-30,82,94,0,0
2020-03-31,82,94,0,0
2020-04-01,82,94,0,0
2020-04-02,82,94,0,0
2020-04-03,82,95,0,0
2020-04-04,82,95,0,0
2020-04-05,82,95,0,0
2020-04-06,82,95,0,0
2020-04-07,82,95,0,0
2020-04-08,82,95,0,0
2020-04-09,82,95,0,0
2020-04-10,82,95,0,0
2020-04-11,82,96,0,0
2020-04-12,82,97,0,0
2020-04-13,82,97,0,0
2020-04-14,82,97,0,0
2020-04-15,82,99,0,0
2020-04-16,82,99,0,0
2020-04-17,82,100,0,0
2020-04-18,82,100,0,0
2020-04-19,82,100,0,0
2020-04-20,82,100,0,0
2020-04-21,82,100,0,0
2020-04-22,82,100,0,0
2020-04-23,82,100,0,0
2020-04-24,82,100,0,0
2020-04-25,82,100,0,0
2020-04-26,82,100,0,0
2020-04-27,82,100,0,0
2020-04-28,84,100,0,0
2020-04-29,84,100,0,0
2020-04-30,84,100,0,0
2020-05-01,85,100,0,0
2020-05-02,85,100,0,0
2020-05-03,86,100,0,0
2020-05-04,86,100,0,0
2020-05-05,86,100,0,0
2020-05-06,86,100,0,0
2020-05-07,86,100,0,0
2020-05-08,87,100,0,0
2020-05-09,87,100,0,0
2020-05-10,87,100,0,0
2020-05-11,87,100,0,0
2020-05-12,87,100,0,0
2020-05-13,88,100,0,0
2020-05-14,88,100,0,0
2020-05-15,88,100,0,0
2020-05-16,88,100,0,0
2020-05-17,88,100,0,0
2020-05-18,88,100,0,0
2020-05-19,88,100,0,0
2020-05-20,89,100,0,0
2020-05-21,89,100,0,0
2020-05-22,89,101,0,0
2020-05-23,90,101,0,0
2020-05-24,90,101,0,0
2020-05-25,90,101,0,0
2020-05-26,90,101,0,0
2020-05-27,90,101,0,0
2020-05-28,90,101,0,0
2020-05-29,90,101,0,0
2020-05-30,90,101,0,0
2020-05-31,91,101,0,0
2020-06-01,91,101,0,0
2020-06-02,92,101,0,0
2020-06-03,92,101,0,0
2020-06-04,92,101,0,0
2020-06-05,92,101,0,0
2020-06-06,92,101,0,0
2020-06-07,92,101,0,0
2020-06-08,92,101,0,0
2020-06-09,92,102,0,0
2020-06-10,92,102,0,0
2020-06-11,92,102,0,0
2020-06-12,92,102,0,0
2020-06-13,93,103,0,0
2020-06-14,93,103,0,0
2020-06-15,93,103,0,0
2020-06-16,93,103,0,0
2020-06-17,93,103,0,0
2020-06-18,93,106,0,0
2020-06-19,93,108,0,0
2020-06-20,93,108,0,0
2020-06-21,93,108,0,0
2020-06-22,93,108,0,0
2020-06-23,93,108,0,0
2020-06-24,93,108,0,0
2020-06-25,93,108,0,0
2020-06-26,93,108,0,0
2020-06-27,93,108,0,0
2020-06-28,93,108,0,0
2020-06-29,93,108,0,0
2020-06-30,93,108,0,0
2020-07-01,93,108,0,0
2020-07-02,93,108,0,0
2020-07-03,94,109,0,0
2020-07-04,94,109,0,0
2020-07-05,94,109,0,0
2020-07-06,95,109,0,0
2020-07-07,95,109,0,0
2020-07-08,95,109,0,0
2020-07-09,95,109,0,0
2020-07-10,95,109,0,0
2020-07-11,95,109,0,0
2020-07-12,95,109,0,0
2020-07-13,95,109,0,0
2020-07-14,95,109,0,0
2020-07-15,95,109,0,0
2020-07-16,95,109,0,0
2020-07-17,95,110,0,0
2020-07-18,95,111,0,0
2020-07-19,95,111,0,0
2020-07-20,95,111,0,0
2020-07-21,95,111,0,0
2020-07-22,95,111,0,0
2020-07-23,95,111,0,0
2020-07-24,95,111,0,0
2020-07-25,97,111,0,0
2020-07-26,97,111,0,0
2020-07-27,97,111,0,0
2020-07-28,97,111,0,0
2020-07-29,97,111,0,0
2020-07-30,97,111,0,0
2020-07-31,97,111,0,0
2020-08-01,97,111,0,0
2020-08-02,97,111,0,0
2020-08-03,98,111,0,0
2020-08-04,98,111,0,0
2020-08-05,98,111,0,0
2020-08-06,98,111,0,0
2020-08-07,98,111,0,0
2020-08-08,98,111,0,0
2020-08-09,98,112,0,0
2020-08-10,98,112,0,0
2020-08-11,98,112,0,0
2020-08-12,98,112,0,0
2020-08-13,98,112,0,0
2020-08-14,98,112,0,0
2020-08-15,98,112,0,0
2020-08-16,98,112,0,0
2020-08-17,98,112,0,0
2020-08-18,98,112,0,0
2020-08-19,98,112,0,0
2020-08-20,100,112,0,0
2020-08-21,100,112,0,0
2020-08-22,100,113,0,0
2020-08-23,100,113,0,0
2020-08-24,100,115,0,0
2020-08-25,100,118,0,0
2020-08-26,100,118,0,0
2020-08-27,100,119,0,0
2020-08-28,100,119,0,0
2020-08-29,100,119,0,0
2020-08-30,100,119,0,0
2020-08-31,100,119,0,0
2020-09-01,101,119,0,0
2020-09-02,101,119,0,0
2020-09-03,101,121,0,0
2020-09-04,101,121,0,0
2020-09-05,101,121,0,0
2020-09-06,101,121,0,0
2020-09-07,101,121,0,0
2020-09-08,101,121,0,0
2020-09-09,101,121,0,0
2020-09-10,101,121,0,0
2020-09-11,101,121,0,0
2020-09-12,102,121,0,0
2020-09-13,102,121,0,0
2020-09-14,102,121,0,0
2020-09-15,102,122,0,0
2020-09-16,103,122,0,0
2020-09-17,103,122,0,0
2020-09-18,103,122,0,0
2020-09-19,103,122,0,0
2020-09-20,103,122,0,0
2020-09-21,103,122,0,0
2020-09-22,103,122,0,0
2020-09-23,104,122,0,0
2020-09-24,104,122,0,0
2020-09-25,104,122,0,0
2020-09-26,104,124,0,0
2020-09-27,104,124,0,0
2020-09-28,104,124,0,0
2020-09-29,104,124,0,0
2020-09-30,104,124,0,0
2020-10-01,104,124,0,0
2020-10-02,104,124,0,0
2020-10-03,104,124,0,0
2020-10-04,104,124,0,0
2020-10-05,105,124,0,0
2020-10-06,105,124,0,0
2020-10-07,105,124,0,0
2020-10-08,105,124,0,0
2020-10-09,105,124,0,0
2020-10-10,105,124,0,0
2020-10-11,105,124,0,0
2020-10-12,105,124,0,0
2020-10-13,110,127,0,0
2020-10-14,110,127,0,0
2020-10-15,110,127,0,0
2020-10-16,110,127,0,0
2020-10-17,110,127,0,0
2020-10-18,110,127,0,0
2020-10-19,111,128,0,0
2020-10-20,111,128,0,0
2020-10-21,111,128,0,0
2020-10-22,111,128,0,0
2020-10-23,111,128,0,0
2020-10-24,111,128,0,0
2020-10-25,111,128,0,0
2020-10-26,111,128,0,0
2020-10-27,114,128,0,0
2020-10-28,114,128,0,0
2020-10-29,114,128,0,0
2020-10-30,115,128,0,0
2020-10-31,115,129,0,0
2020-11-01,115,129,0,0
2020-11-02,116,129,0,0
2020-11-03,116,129,0,0
2020-11-04,116,129,0,0
2020-11-05,116,129,0,0
2020-11-06,118,130,0,0
2020-11-07,118,130,0,0
2020-11-08,118,130,0,0
2020-11-09,119,131,0,0
2020-11-10,119,131,0,0
2020-11-11,119,132,0,0
2020-11-12,119,132,0,0
2020-11-13,119,132,0,0
2020-11-14,119,133,0,0
2020-11-15,119,133,0,0
2020-11-16,120,134,0,0
2020-11-17,120,134,0,0
2020-11-18,120,134,0,0
2020-11-19,120,134,0,0
2020-11-20,120,134,0,0
2020-11-21,120,134,0,0
2020-11-22,120,136,0,0
2020-11-23,120,136,0,0
2020-11-24,120,136,0,0
2020-11-25,120,137,0,0
2020-11-26,120,137,0,0
2020-11-27,120,138,0,0
2020-11-28,120,138,0,0
2020-11-29,120,138,0,0
2020-11-30,120,138,0,0
2020-12-01,120,138,0,0
2020-12-02,120,138,0,0
2020-12-03,121,138,0,0
2020-12-04,121,138,0,0
2020-12-05,124,141,0,0
2020-12-06,124,141,0,0
2020-12-07,124,141,0,0
2020-12-08,124,141,0,0
2020-12-09,124,141,0,0
2020-12-10,124,141,0,0
2020-12-11,124,142,0,0
2020-12-12,124,142,0,0
2020-12-13,124,142,0,0
2020-12-14,124,142,0,0
2020-12-15,124,142,0,0
2020-12-16,124,142,0,0
2020-12-17,124,142,0,0
2020-12-18,124,142,0,0
2020-12-19,124,142,0,0
2020-12-20,124,142,0,0
2020-12-21,124,142,0,0
2020-12-22,124,142,0,0
2020-12-23,124,142,0,0
2020-12-24,124,142,0,0
2020-12-25,124,142,0,0
2020-12-26,124,142,0,0
2020-12-27,124,142,0,0
2020-12-28,124,142,0,0
2020-12-29,124,142,0,0
2020-12-30,124,142,0,0
2020-12-31,124,142,0,0
2021-01-01,124,142,0,0
2021-01-02,124,142,0,0
2021-01-03,124,142,0,0
2021-01-04,124,142,0,0
2021-01-05,124,142,0,0
2021-01-06,124,142,0,0
2021-01-07,124,142,0,0
2021-01-08,124,142,0,0
2021-01-09,124,142,0,0
2021-01-10,124,142,0,0
2021-01-11,124,142,0,0
2021-01-12,124,142,0,0
2021-01-13,124,142,0,0
2021-01-14,124,142,0,0
2021-01-15,124,143,0,0
2021-01-16,127,143,0,0
2021-01-17,127,144,0,0
2021-01-18,127,144,0,0
2021-01-19,127,144,0,0
2021-01-20,127,144,0,0
2021-01-21,129,145,0,0
2021-01-22,129,145,0,0
2021-01-23,129,145,0,0
2021-01-24,129,145,0,0
2021-01-25,129,145,0,0
2021-01-26,129,145,0,0
2021-01-27,129,145,0,0
2021-01-28,129,145,0,0
2021-01-29,130,146,0,0
2021-01-30,130,146,0,0
2021-01-31,130,146,0,0
2021-02-01,131,146,0,0
2021-02-02,131,146,0,0
2021-02-03,131,146,0,0
2021-02-04,131,146,0,0
2021-02-05,131,146,0,0
2021-02-06,131,146,0,0
2021-02-07,131,146,0,0
2021-02-08,131,146,0,0
2021-02-09,131,146,0,0
2021-02-10,131,146,0,0
2021-02-11,131,146,0,0
2021-02-12,131,146,0,0
2021-02-13,131,146,0,0
2021-02-14,131,146,0,0
2021-02-15,131,146,0,0
2021-02-16,131,146,0,0
2021-02-17,131,146,0,0
2021-02-18,131,148,0,0
2021-02-19,131,148,0,0
2021-02-20,131,148,0,0
2021-02-21,131,149,0,0
2021-02-22,131,150,0,0
2021-02-23,131,150,0,0
2021-02-24,133,152,0,0
2021-02-25,133,153,0,0
2021-02-26,133,154,0,0
2021-02-27,133,156,0,0
2021-02-28,133,157,0,0
2021-03-01,133,157,0,0
2021-03-02,133,157,0,0
2021-03-03,133,157,0,0
2021-03-04,133,157,0,0
2021-03-05,133,157,0,0
2021-03-06,133,157,0,0
2021-03-07,133,157,0,0
2021-03-08,133,157,0,0
2021-03-09,133,157,0,0
2021-03-10,133,157,0,0
2021-03-11,133,157,0,0
2021-03-12,133,158,0,0
2021-03-13,134,158,0,0
2021-03-14,134,158,0,0
2021-03-15,134,158,0,0
2021-03-16,134,158,0,0
2021-03-17,134,158,0,0
2021-03-18,134,159,0,0
2021-03-19,134,160,0,0
2021-03-20,136,162,0,0
2021-03-21,136,162,0,0
2021-03-22,136,162,0,0
2021-03-23,136,162,0,0
2021-03-24,136,163,0,0
2021-03-25,136,163,0,0
2021-03-26,136,164,0,0
2021-03-27,136,164,0,0
2021-03-28,136,165,0,0
2021-03-29,136,165,0,0
2021-03-30,136,166,0,0
2021-03-31,136,167,0,0
2021-04-01,138,170,0,0
2021-04-02,138,170,0,0
2021-04-03,138,170,0,0
2021-04-04,138,170,0,0
2021-04-05,138,170,0,0
2021-04-06,138,171,0,0
2021-04-07,138,171,0,0
2021-04-08,138,172,0,0
2021-04-09,138,172,0,0
2021-04-10,141,174,0,0
2021-04-11,141,174,0,0
2021-04-12,141,174,0,0
2021-04-13,141,174,0,0
2021-04-14,141,174,0,0
2021-04-15,141,175,0,0
2021-04-16,143,176,0,0
2021-04-17,143,177,0,0
2021-04-18,143,177,0,0
2021-04-19,143,177,0,0
2021-04-20,143,177,0,0
2021-04-21,143,177,0,0
2021-04-22,146,180,0,0
2021-04-23,146,180,0,0
2021-04-24,146,180,0,0
2021-04-25,146,180,0,0
2021-04-26,146,180,0,0
2021-04-27,148,181,0,0
2021-04-28,148,181,0,0
2021-04-29,150,183,0,0
2021-04-30,150,183,0,0
2021-05-01,150,183,0,0
2021-05-02,150,183,0,0
2021-05-03,150,183,0,0
2021-05-04,153,186,0,0
2021-05-05,153,186,0,0
2021-05-06,153,186,0,0
2021-05-07,153,186,0,0
2021-05-08,153,187,0,0
2021-05-09,153,187,0,0
2021-05-10,154,187,0,0
2021-05-11,154,188,0,0
2021-05-12,154,188,0,0
2021-05-13,156,188,0,0
2021-05-14,156,188,0,0
2021-05-15,156,189,0,0
2021-05-16,156,189,0,0
2021-05-17,156,189,0,0
2021-05-18,156,189,0,0
2021-05-19,156,189,0,0
2021-05-20,156,189,0,0
2021-05-21,156,189,0,0
2021-05-22,156,190,0,0
2021-05-23,156,190,0,0
2021-05-24,156,190,0,0
2021-05-25,156,190,0,0
2021-05-26,156,190,0,0
2021-05-27,156,190,0,0
2021-05-28,156,190,0,0
2021-05-29,156,191,0,0
2021-05-30,156,191,0,0
2021-05-31,156,191,0,0
2021-06-01,156,191,0,0
2021-06-02,156,191,0,0
2021-06-03,156,191,0,0
2021-06-04,156,191,0,0
2021-06-05,156,191,0,0
2021-06-06,157,193,0,0
2021-06-07,157,193,0,0
2021-06-08,158,194,0,0
2021-06-09,158,194,0,0
2021-06-10,158,194,0,2
2021-06-11,158,194,0,3
2021-06-12,158,194,0,4
2021-06-13,158,194,0,4
2021-06-14,158,194,0,4
2021-06-15,158,194,0,5
2021-06-16,158,195,0,5
2021-06-17,158,196,0,7
2021-06-18,158,196,0,7
2021-06-19,159,196,0,7
2021-06-20,159,196,0,7
2021-06-21,159,199,0,7
2021-06-22,161,199,0,7
2021-06-23,161,199,0,7
2021-06-24,161,199,0,7
2021-06-25,161,203,0,7
2021-06-26,162,203,0,7
2021-06-27,162,203,0,8
2021-06-28,162,203,0,8
2021-06-29,165,205,0,11
2021-06-30,165,205,0,12
2021-07-01,165,205,0,12
2021-07-02,165,205,0,12
2021-07-03,167,205,0,12
2021-07-04,167,205,0,13
2021-07-05,168,206,0,14
2021-07-06,168,206,0,15
2021-07-07,168,206,0,15
2021-07-08,168,206,0,15
2021-07-09,168,206,0,15
2021-07-10,170,207,0,15
2021-07-11,170,207,0,15
2021-07-12,170,207,0,15
2021-07-13,170,207,0,15
2021-07-14,170,207,0,15
2021-07-15,170,207,0,15
2021-07-16,170,207,0,15
2021-07-17,170,208,0,15
2021-07-18,170,209,0,15
2021-07-19,170,209,0,15
2021-07-20,170,209,0,15
2021-07-21,170,209,0,15
2021-07-22,170,209,0,15
2021-07-23,172,209,0,15
2021-07-24,173,209,0,15
2021-07-25,173,209,0,16
2021-07-26,174,209,0,16
2021-07-27,174,209,0,16
2021-07-28,174,209,0,16
2021-07-29,174,209,0,16
2021-07-30,174,209,0,17
2021-07-31,174,209,0,17
2021-08-01,177,209,0,17
2021-08-02,178,209,0,17
2021-08-03,178,209,0,17
2021-08-04,178,209,0,17
2021-08-05,181,209,0,17
2021-08-06,181,209,0,17
2021-08-07,181,209,0,17
2021-08-08,181,212,0,17
2021-08-09,181,212,0,17
2021-08-10,181,212,0,17
2021-08-11,181,212,0,17
2021-08-12,181,212,0,17
2021-08-13,182,213,0,17
2021-08-14,184,214,0,17
2021-08-15,185,215,0,17
2021-08-16,188,217,0,18
2021-08-17,189,217,0,18
2021-08-18,189,217,0,19
2021-08-19,189,217,0,21
2021-08-20,189,217,0,21
2021-08-21,189,217,0,21
2021-08-22,192,217,0,21
2021-08-23,193,220,0,21
2021-08-24,193,220,0,21
2021-08-25,193,220,0,21
2021-08-26,193,220,0,21
2021-08-27,193,220,0,21
2021-08-28,193,220,0,21
2021-08-29,193,220,0,21
2021-08-30,193,220,0,21
2021-08-31,193,220,0,21
2021-09-01,193,220,0,21
2021-09-02,193,220,0,21
2021-09-03,193,220,0,21
2021-09-04,197,220,0,21
2021-09-05,199,221,0,21
2021-09-06,205,226,0,21
2021-09-07,205,226,0,21
2021-09-08,205,226,0,22
2021-09-09,205,226,0,22
2021-09-10,205,226,0,22
2021-09-11,213,233,0,22
2021-09-12,213,233,0,22
2021-09-13,213,234,0,22
2021-09-14,213,234,0,22
2021-09-15,213,234,0,22
2021-09-16,213,234,0,22
2021-09-17,216,235,0,22
2021-09-18,216,235,0,22
2021-09-19,216,235,0,22
2021-09-20,216,235,0,22
2021-09-21,216,235,0,22
2021-09-22,216,235,0,22
2021-09-23,216,235,0,22
2021-09-24,216,235,0,22
2021-09-25,221,238,0,22
2021-09-26,221,238,0,22
2021-09-27,221,238,0,22
2021-09-28,221,238,0,22
2021-09-29,221,239,0,22
2021-09-30,221,240,0,22
2021-10-01,221,240,0,22
2021-10-02,225,240,0,22
2021-10-03,225,240,0,23
2021-10-04,225,240,0,23
2021-10-05,225,240,0,23
2021-10-06,227,240,0,23
2021-10-07,227,240,0,24
2021-10-08,228,240,0,24
2021-10-09,229,240,0,25
2021-10-10,231,240,0,25
2021-10-11,231,240,0,25
2021-10-12,231,240,0,25
2021-10-13,231,240,0,25
2021-10-14,231,240,0,25
2021-10-15,236,244,0,25
2021-10-16,237,244,0,25
2021-10-17,237,245,0,25
2021-10-18,239,245,0,25
2021-10-19,239,245,0,25
2021-10-20,239,245,0,25
2021-10-21,239,245,0,25
2021-10-22,239,245,0,25
2021-10-23,239,246,0,25
2021-10-24,239,246,0,25
2021-10-25,239,246,0,25
2021-10-26,239,246,0,25
2021-10-27,239,246,0,25
2021-10-28,239,246,0,25
2021-10-29,239,246,0,25
2021-10-30,239,250,0,25
2021-10-31,240,250,0,25
2021-11-01,240,250,0,25
2021-11-02,240,253,0,25
2021-11-03,241,253,0,25
2021-11-04,243,254,0,25
2021-11-05,244,254,0,25
2021-11-06,245,254,0,26
2021-11-07,246,254,0,27
2021-11-08,248,254,0,27
2021-11-09,249,254,0,28
2021-11-10,249,254,0,28
2021-11-11,249,254,0,28
2021-11-12,249,254,0,28
2021-11-13,249,256,0,29
2021-11-14,251,258,0,29
2021-11-15,251,259,0,29
2021-11-16,252,259,0,29
2021-11-17,254,259,0,29
2021-11-18,256,262,0,29
2021-11-19,256,262,0,29
2021-11-20,256,262,0,29
2021-11-21,256,262,0,29
2021-11-22,256,262,0,29
2021-11-23,258,262,0,29
2021-11-24,259,262,0,29
2021-11-25,260,263,0,29
2021-11-26,262,263,0,29
2021-11-27,262,263,0,29
2021-11-28,262,264,0,29
2021-11-29,262,264,0,29
2021-11-30,262,264,0,29
2021-12-01,262,264,0,29
2021-12-02,264,264,0,29
2021-12-03,265,264,0,29
2021-12-04,265,264,0,32
2021-12-05,267,269,0,32
2021-12-06,267,269,0,32
2021-12-07,268,269,0,32
2021-12-08,270,269,0,32
2021-12-09,270,269,0,32
2021-12-10,272,269,0,32
2021-12-11,272,270,0,32
2021-12-12,272,270,0,32
2021-12-13,274,270,0,32
2021-12-14,274,270,0,32
2021-12-15,274,270,0,32
2021-12-16,275,271,0,33
2021-12-17,276,272,0,33
2021-12-18,277,273,0,33
2021-12-19,277,273,0,33
2021-12-20,279,273,0,33
2021-12-21,280,273,0,33
2021-12-22,281,273,0,33
2021-12-23,281,273,0,33
2021-12-24,281,273,0,33
2021-12-25,282,273,0,33
2021-12-26,283,274,0,33
2021-12-27,284,274,0,33
2021-12-28,286,275,0,33
2021-12-29,287,276,0,33
2021-12-30,289,276,0,33
2021-12-31,289,277,0,33
2022-01-01,290,278,0,33
2022-01-02,290,278,0,33
2022-01-03,292,279,0,33
2022-01-04,293,279,0,33
2022-01-05,293,280,0,33
2022-01-06,294,281,0,33
2022-01-07,294,281,0,33
2022-01-08,296,282,0,33
2022-01-09,298,283,0,33
2022-01-10,298,283,0,33
2022-01-11,298,283,0,33
2022-01-12,298,283,0,33
2022-01-13,298,283,0,33
2022-01-14,298,283,0,33
2022-01-15,299,284,0,33
2022-01-16,301,284,0,33
2022-01-17,301,284,0,33
2022-01-18,301,286,0,33
2022-01-19,301,286,0,33
2022-01-20,303,287,0,33
2022-01-21,303,287,0,33
2022-01-22,303,287,1,33
2022-01-23,303,287,1,33
2022-01-24,303,287,1,33
2022-01-25,303,287,1,33
2022-01-26,304,287,1,33
2022-01-27,304,289,1,33
2022-01-28,304,289,1,33
2022-01-29,308,291,1,33
2022-01-30,308,293,1,33
2022-01-31,309,293,1,33
2022-02-01,310,294,1,33
2022-02-02,310,295,1,33
2022-02-03,310,296,1,33
2022-02-04,310,296,1,33
2022-02-05,315,298,1,33
2022-02-06,315,299,1,33
2022-02-07,315,299,1,33
2022-02-08,315,299,1,33
2022-02-09,317,299,6,33
2022-02-10,317,300,10,33
2022-02-11,317,300,11,33
2022-02-12,317,300,11,33
2022-02-13,318,301,13,33
2022-02-14,319,302,13,33
2022-02-15,319,302,13,33
2022-02-16,319,302,13,33
2022-02-17,320,303,13,33
2022-02-18,321,304,13,33
2022-02-19,321,304,16,33
2022-02-20,326,307,20,33
2022-02-21,326,309,20,33
2022-02-22,326,310,24,33
2022-02-23,326,310,24,33
2022-02-24,327,310,25,33
2022-02-25,327,310,25,33
2022-02-26,328,311,26,33
2022-02-27,328,311,28,33
2022-02-28,329,311,29,33
2022-03-01,329,311,30,33
2022-03-02,331,313,30,33
2022-03-03,332,313,30,33
2022-03-04,332,314,30,33
2022-03-05,334,315,33,33
2022-03-06,337,315,34,33
2022-03-07,338,315,34,34
2022-03-08,341,317,34,34
2022-03-09,341,317,34,35
2022-03-10,342,318,34,36
2022-03-11,342,318,34,36
2022-03-12,342,318,39,36
2022-03-13,343,318,39,36
2022-03-14,346,320,45,36
2022-03-15,346,321,45,36
2022-03-16,346,321,46,36
2022-03-17,348,322,47,36
2022-03-18,349,323,48,36
2022-03-19,349,323,48,36
2022-03-20,351,327,48,36
2022-03-21,352,327,48,36
2022-03-22,352,327,49,36
2022-03-23,354,327,49,36
